Nome,Sigla,Data,Dia_semana,Max_Dia,Min_Dia,Valor_abertura,Valor_fechamento,Volume_negociacao,Valor_Mercado
Solana,SOL,11/04/2020,Sábado,1.04907270025,0.765020356128,0.95105395758,0.776818582977,43862443.7931816,0.0
Solana,SOL,12/04/2020,Domingo,0.956669837035,0.762426200135,0.785447714185,0.882506928259,38736897.0186422,0.0
Solana,SOL,13/04/2020,Segunda-feira,0.891602782787,0.773976306644,0.890759612431,0.777831565037,18211285.4666889,0.0
Solana,SOL,14/04/2020,Terça-feira,0.796472356866,0.628169430018,0.777831565037,0.661924824696,16747614.1218552,0.0
Solana,SOL,15/04/2020,Quarta-feira,0.704963548631,0.62153145556,0.669289149224,0.646650901989,13075275.285934,0.0
Solana,SOL,16/04/2020,Quinta-feira,0.774192228467,0.625107412535,0.630878816101,0.690815875441,21346031.3456645,0.0
Solana,SOL,17/04/2020,Sexta-feira,0.719613782417,0.660727970818,0.689312454191,0.660727970818,9870810.00168021,0.0
Solana,SOL,18/04/2020,Sábado,0.717618209437,0.659427087306,0.660727970818,0.681096334559,9782111.900077,0.0
Solana,SOL,19/04/2020,Domingo,0.68464132719,0.598486993213,0.681515884453,0.606969175324,9289670.37817109,0.0
Solana,SOL,20/04/2020,Segunda-feira,0.639253715698,0.52057781675,0.612947581488,0.538812129578,8342616.4207554,0.0
Solana,SOL,21/04/2020,Terça-feira,0.604586042345,0.508548999936,0.541386709626,0.587659155744,9711507.44842345,0.0
Solana,SOL,22/04/2020,Quarta-feira,0.706963640285,0.569620792668,0.581166089846,0.691600915883,18828399.5228331,0.0
Solana,SOL,23/04/2020,Quinta-feira,0.698077000278,0.600321839105,0.685347169644,0.627457179792,13485271.0516431,0.0
Solana,SOL,24/04/2020,Sexta-feira,0.671020012488,0.613941111404,0.624021171859,0.634242220589,9064190.2668448,0.0
Solana,SOL,25/04/2020,Sábado,0.670948281702,0.621547407359,0.630528058118,0.643329301446,7311904.72226874,0.0
Solana,SOL,26/04/2020,Domingo,0.691499391682,0.631170580099,0.653215035281,0.635506343577,8320760.35681435,0.0
Solana,SOL,27/04/2020,Segunda-feira,0.660282639688,0.561027523835,0.635713806985,0.572371895062,7406934.10853669,0.0
Solana,SOL,28/04/2020,Terça-feira,0.692147510505,0.568483717999,0.578252730451,0.661292515173,7470201.22321632,0.0
Solana,SOL,29/04/2020,Quarta-feira,0.777771293054,0.655273716711,0.662285637918,0.74584040982,8801144.47969972,0.0
Solana,SOL,30/04/2020,Quinta-feira,0.800816479295,0.68788052508,0.747194537125,0.691045421015,5016891.64140768,0.0
Solana,SOL,01/05/2020,Sexta-feira,0.737071288473,0.685902703146,0.691045421015,0.728793969447,4164272.07175221,0.0
Solana,SOL,02/05/2020,Sábado,0.748980798928,0.707903537269,0.727267603533,0.715876411879,3441355.73678965,0.0
Solana,SOL,03/05/2020,Domingo,0.729800516197,0.656615622562,0.714795753656,0.679534571126,3328343.6073183,0.0
Solana,SOL,04/05/2020,Segunda-feira,0.70581247046,0.618433606439,0.679625171586,0.667490770432,3443697.81828111,0.0
Solana,SOL,05/05/2020,Terça-feira,0.686214207407,0.626498811322,0.673440456927,0.641837362998,2847469.34149937,0.0
Solana,SOL,06/05/2020,Quarta-feira,0.673890820131,0.622583598868,0.64245418812,0.622583598868,2677562.97435084,0.0
Solana,SOL,07/05/2020,Quinta-feira,0.632267767367,0.573375617006,0.622583598868,0.612977957268,3355830.23580211,0.0
Solana,SOL,08/05/2020,Sexta-feira,0.63661836817,0.589851786122,0.612977957268,0.604922121097,2488194.57299153,0.0
Solana,SOL,09/05/2020,Sábado,0.625429237134,0.588447830009,0.604041500539,0.604527391264,2128502.76121917,0.0
Solana,SOL,10/05/2020,Domingo,0.612303182662,0.513080872906,0.604460730044,0.53703391162,2327580.79632425,0.0
Solana,SOL,11/05/2020,Segunda-feira,0.571860148065,0.505193636791,0.536255006521,0.515272785293,2098480.82876321,0.0
Solana,SOL,12/05/2020,Terça-feira,0.55975856915,0.505251193842,0.513390527877,0.538575650335,2198624.8775544,0.0
Solana,SOL,13/05/2020,Quarta-feira,0.5648742321,0.518038300363,0.538371569664,0.550531657365,2326445.52977927,0.0
Solana,SOL,14/05/2020,Quinta-feira,0.580945682126,0.550109683982,0.550531657365,0.569117610116,2047896.7931676,0.0
Solana,SOL,15/05/2020,Sexta-feira,0.574619594633,0.54709314207,0.56919335721,0.559752024505,1850070.45437919,0.0
Solana,SOL,16/05/2020,Sábado,0.606534222021,0.554360781043,0.558980888499,0.599120273328,2300409.14570367,0.0
Solana,SOL,17/05/2020,Domingo,0.640195873474,0.589175125186,0.595228279888,0.612988807183,2936428.44886882,0.0
Solana,SOL,18/05/2020,Segunda-feira,0.674393485511,0.609649042534,0.612682412645,0.652670169702,3314358.53130945,0.0
Solana,SOL,19/05/2020,Terça-feira,0.65448036891,0.61124810944,0.650974360151,0.624454265112,2380263.04324887,0.0
Solana,SOL,20/05/2020,Quarta-feira,0.626655820897,0.575282652404,0.622475105037,0.579155667218,2302926.39702093,0.0
Solana,SOL,21/05/2020,Quinta-feira,0.613789325099,0.543345618393,0.579691536981,0.608915324064,2863016.80167901,0.0
Solana,SOL,22/05/2020,Sexta-feira,0.676431960943,0.582829718276,0.605238714933,0.638875070548,3411419.38179332,0.0
Solana,SOL,23/05/2020,Sábado,0.638848874061,0.58824731869,0.637414621895,0.613031410499,2638523.84936932,0.0
Solana,SOL,24/05/2020,Domingo,0.613288867401,0.548431875411,0.613288867401,0.549053085284,2786816.20172933,0.0
Solana,SOL,25/05/2020,Segunda-feira,0.650137993099,0.538063657924,0.548570201373,0.600857275438,4509580.33947343,0.0
Solana,SOL,26/05/2020,Terça-feira,0.612353062014,0.566463215148,0.59910434994,0.573306660293,2689697.32362274,0.0
Solana,SOL,27/05/2020,Quarta-feira,0.611086848399,0.571443419824,0.573306660293,0.590984626967,2536915.55918301,0.0
Solana,SOL,28/05/2020,Quinta-feira,0.592397679833,0.566947776295,0.590883626945,0.57515546338,2662787.87087333,0.0
Solana,SOL,29/05/2020,Sexta-feira,0.593405202433,0.56685841658,0.574698779564,0.579415408223,2066857.45404741,0.0
Solana,SOL,30/05/2020,Sábado,0.602489267522,0.567050101707,0.581355069208,0.587932797998,2449094.83912943,0.0
Solana,SOL,31/05/2020,Domingo,0.593997496664,0.569244662492,0.587902737594,0.570022020054,1892967.09044357,0.0
Solana,SOL,01/06/2020,Segunda-feira,0.58783888873,0.567347938128,0.573472359794,0.577495156711,2159877.15931313,0.0
Solana,SOL,02/06/2020,Terça-feira,0.589724657245,0.552294366376,0.577142178709,0.56466943316,1295757.46418593,9741011.2562594
Solana,SOL,03/06/2020,Quarta-feira,0.59102516796,0.564461229977,0.56466943316,0.586620621665,877446.184522142,10119647.9354345
Solana,SOL,04/06/2020,Quinta-feira,0.591640038944,0.564517551613,0.586867254127,0.587299493452,901641.251808101,10131321.1400611
Solana,SOL,05/06/2020,Sexta-feira,0.698279296472,0.577925164457,0.587299493452,0.66115464236,4322091.65471632,11405328.7385824
Solana,SOL,06/06/2020,Sábado,0.66161878907,0.611780567274,0.661071494785,0.622442695244,1604055.15722887,10737481.2006963
Solana,SOL,07/06/2020,Domingo,0.624443861894,0.593397963425,0.622442695244,0.616577854377,716785.469365787,10636269.8312904
Solana,SOL,08/06/2020,Segunda-feira,0.679001399937,0.613310186531,0.615077959978,0.668313065708,1440233.8242528,11528696.0984937
Solana,SOL,09/06/2020,Terça-feira,0.668088172596,0.627242314833,0.66778423457,0.658002498205,988327.438893434,11350793.5069779
Solana,SOL,10/06/2020,Quarta-feira,0.6700430922,0.633404261063,0.658038317013,0.644866658992,1096203.32551522,11124151.4035966
Solana,SOL,11/06/2020,Quinta-feira,0.650534979007,0.570082493458,0.644888410942,0.573741595726,1122221.18826251,9897183.58341088
Solana,SOL,12/06/2020,Sexta-feira,0.604653248066,0.569920400668,0.574058799071,0.593868974009,940323.239000038,10244352.3859345
Solana,SOL,13/06/2020,Sábado,0.611439213256,0.585485460723,0.593947639042,0.608943286609,764756.553388664,10504345.5146756
Solana,SOL,14/06/2020,Domingo,0.618258433941,0.580899434377,0.610926627118,0.587076584953,873415.751115423,10127117.7365674
Solana,SOL,15/06/2020,Segunda-feira,0.591897430283,0.547286993406,0.588372951939,0.570639136151,942666.189719777,9843524.99494113
Solana,SOL,16/06/2020,Terça-feira,0.589828344671,0.568689096218,0.570578694829,0.58557626277,652020.104651764,10101141.4390675
Solana,SOL,17/06/2020,Quarta-feira,0.590128890668,0.565116816879,0.585496727656,0.581561970806,673274.193458797,10031846.4524466
Solana,SOL,18/06/2020,Quinta-feira,0.650308613252,0.579285208673,0.581582391057,0.620956096312,1349341.26909908,10711334.8299096
Solana,SOL,19/06/2020,Sexta-feira,0.836398481391,0.620383816305,0.62240659565,0.684331738563,6577470.95547564,11804490.7995105
Solana,SOL,20/06/2020,Sábado,0.688583471859,0.625625721953,0.682522764479,0.643591290368,1714405.29578048,11101677.8613918
Solana,SOL,21/06/2020,Domingo,0.748541584115,0.636880364182,0.64613451067,0.67314920063,2238347.1863849,11611481.9990937
Solana,SOL,22/06/2020,Segunda-feira,0.743113096168,0.645877388262,0.672577376106,0.726847851963,1620387.87401448,12537695.5906935
Solana,SOL,23/06/2020,Terça-feira,0.760632726054,0.700711973595,0.726772689327,0.708296754877,1327340.25336353,12217638.9889378
Solana,SOL,24/06/2020,Quarta-feira,0.80069160261,0.693501096515,0.708529727823,0.736993876923,2769053.65582756,12712583.3849433
Solana,SOL,25/06/2020,Quinta-feira,0.75670464737,0.69924039905,0.737099871932,0.713193588341,1751581.2295456,12301987.5415512
Solana,SOL,26/06/2020,Sexta-feira,0.751991938279,0.681531945226,0.712531268297,0.741144336305,1664662.318395,12784052.9001166
Solana,SOL,27/06/2020,Sábado,0.752211394817,0.675838228985,0.739596862542,0.713548036244,1681428.02669551,12307979.1957079
Solana,SOL,28/06/2020,Domingo,0.843976500665,0.687094919406,0.713548036244,0.798495268854,3412582.28723085,13773165.2227317
Solana,SOL,29/06/2020,Segunda-feira,0.885339207046,0.770008603117,0.798495268854,0.852454240319,2147790.97814405,14703824.7067831
Solana,SOL,30/06/2020,Terça-feira,1.02917629719,0.850103876016,0.853022445953,0.860093981011,3887548.37229807,14835525.1298039
Solana,SOL,01/07/2020,Quarta-feira,0.9017150754,0.820926518746,0.863363963794,0.832641570072,1772559.84133893,14361930.621951
Solana,SOL,02/07/2020,Quinta-feira,0.837126639543,0.753667578226,0.832115967202,0.78021901831,1749581.47684417,13457643.8789028
Solana,SOL,03/07/2020,Sexta-feira,0.786034988586,0.755112879567,0.782035734397,0.768093046309,1144958.29683634,13248409.5564903
Solana,SOL,04/07/2020,Sábado,0.82315514027,0.761450763631,0.767940953547,0.7803716825,1644301.45065498,13460110.8038221
Solana,SOL,05/07/2020,Domingo,0.7855474402,0.642635456,0.780101225611,0.691663563023,3799016.31678145,11929965.7302922
Solana,SOL,06/07/2020,Segunda-feira,0.721045541194,0.686580404858,0.691663563023,0.707908010158,1120773.259312,12210072.8690639
Solana,SOL,07/07/2020,Terça-feira,0.780892667097,0.701921604165,0.707857857487,0.753047992993,1700040.66085723,12988566.0151594
Solana,SOL,08/07/2020,Quarta-feira,0.827522889896,0.743411482304,0.753047992993,0.796713400012,2220222.72711344,13741613.2737162
Solana,SOL,09/07/2020,Quinta-feira,0.882357720133,0.75990571644,0.794017971565,0.853453047328,2668723.50625663,14720152.3853897
Solana,SOL,10/07/2020,Sexta-feira,0.939629429073,0.842849804524,0.853303723787,0.913559592712,1856094.87383758,15756747.8792219
Solana,SOL,11/07/2020,Sábado,0.92634730137,0.859094947025,0.913559592712,0.924624245478,1788814.0647145,15947475.7511162
Solana,SOL,12/07/2020,Domingo,1.13097821246,0.914117106349,0.92385606339,1.01671595852,4693370.50719829,17535715.8229986
Solana,SOL,13/07/2020,Segunda-feira,1.28766254036,1.00888432901,1.01671595852,1.17573410198,4062068.74661056,20278237.5664092
Solana,SOL,14/07/2020,Terça-feira,1.2460057862,1.11916616563,1.17247561888,1.14807454207,2213135.15016517,19801055.4914822
Solana,SOL,15/07/2020,Quarta-feira,1.39683470534,1.14145755742,1.14752327979,1.28959809685,3355229.32708245,22241796.9042963
Solana,SOL,16/07/2020,Quinta-feira,1.37496707747,0.855043722577,1.28403887818,0.872441377367,7486567.81431637,15046966.0262034
Solana,SOL,17/07/2020,Sexta-feira,1.04684187853,0.801884427325,0.870761094191,0.977837416041,8973774.36468872,16864618.7937719
Solana,SOL,18/07/2020,Sábado,1.00071624924,0.931726289601,0.977515448127,0.966583495614,2923007.17734355,16670417.2869211
Solana,SOL,19/07/2020,Domingo,0.97035414737,0.899515435903,0.968004089172,0.920349487609,2206671.01567458,15872927.8675157
Solana,SOL,20/07/2020,Segunda-feira,0.921583894741,0.851877880062,0.920515196824,0.87308942899,3036870.91981545,15057755.3103182
Solana,SOL,21/07/2020,Terça-feira,1.00825365156,0.860315868753,0.872927986494,0.977165717243,4299502.33510521,16852602.2014576
Solana,SOL,22/07/2020,Quarta-feira,1.10470350891,0.972484753345,0.977197956096,1.04408725245,5295001.98436419,18006642.2008208
Solana,SOL,23/07/2020,Quinta-feira,1.10121768001,0.997394084818,1.04615500925,1.04984357893,2970423.1250175,18105795.7974271
Solana,SOL,24/07/2020,Sexta-feira,1.05395367081,0.974779709349,1.04984357893,0.995345503195,1991763.30860784,17165794.8003885
Solana,SOL,25/07/2020,Sábado,1.43274047406,0.995397297974,0.995440475816,1.25222285418,9978279.43748358,21595764.5736461
Solana,SOL,26/07/2020,Domingo,1.62464801207,1.23828328849,1.24472812927,1.5651096946,10463129.600325,26991607.0561782
Solana,SOL,27/07/2020,Segunda-feira,2.04273954159,1.56108693478,1.56509785048,1.77863550182,32838354.7073633,30673811.3399836
Solana,SOL,28/07/2020,Terça-feira,1.85867216855,1.61176862419,1.78411050855,1.78406723276,9692632.1660337,30767254.4661293
Solana,SOL,29/07/2020,Quarta-feira,2.09562226208,1.59316648672,1.78566194741,1.65828948188,10348944.5267619,28597942.6143557
Solana,SOL,30/07/2020,Quinta-feira,1.79644907564,1.6357119142,1.65828948188,1.68680710334,5222980.07636029,29089539.6606279
Solana,SOL,31/07/2020,Sexta-feira,1.68848814417,1.51040494945,1.68680710334,1.53817765536,4822046.26693321,26526190.853226
Solana,SOL,01/08/2020,Sábado,1.66222891669,1.49887205013,1.53275891754,1.52660964025,4589882.24595131,26326510.4083857
Solana,SOL,02/08/2020,Domingo,1.74682282201,1.41197290179,1.52990978778,1.74281034979,7216576.38811606,30054693.6113815
Solana,SOL,03/08/2020,Segunda-feira,1.83003434295,1.66872588204,1.73229008343,1.80261098364,5836036.43502209,31085735.0137577
Solana,SOL,04/08/2020,Terça-feira,1.94987535907,1.79498420077,1.80001201619,1.87163885812,5495664.99847303,32275884.1492363
Solana,SOL,05/08/2020,Quarta-feira,1.88812222154,1.70950898919,1.8707357761,1.75454981586,5405764.40284623,30256505.6597196
Solana,SOL,06/08/2020,Quinta-feira,2.22800308367,1.74678344038,1.75454981586,2.20634832732,11143557.0707687,38047323.8161723
Solana,SOL,07/08/2020,Sexta-feira,2.20316566041,1.88557243849,2.20316566041,2.08590263527,8068101.90171604,35970036.8564279
Solana,SOL,08/08/2020,Sábado,2.56958976667,2.02653817064,2.08388935271,2.47362485486,10919229.1805999,42655747.4961301
Solana,SOL,09/08/2020,Domingo,2.70682280561,2.30250117749,2.47155579121,2.6652275038,12107836.8570546,45959454.0071939
Solana,SOL,10/08/2020,Segunda-feira,3.397928851,2.52589777885,2.6652275038,3.13179330211,22863250.6335323,54004593.6510801
Solana,SOL,11/08/2020,Terça-feira,3.48653462219,2.75363392525,3.13104235382,3.30341929739,36356155.1835573,56963799.6073747
Solana,SOL,12/08/2020,Quarta-feira,3.91616784116,3.10397862294,3.30795784774,3.76975091301,28461706.5886889,65004787.9204578
Solana,SOL,13/08/2020,Quinta-feira,4.1558137393,3.52851962847,3.77070310945,3.75597115712,28236179.4181239,64766752.6195916
Solana,SOL,14/08/2020,Sexta-feira,3.78999667412,3.33265431728,3.76016794504,3.40938766083,18427949.9772839,99684620.8277296
Solana,SOL,15/08/2020,Sábado,3.71994464361,3.16546459239,3.41255512992,3.18379488714,13155762.3719706,93088676.8213831
Solana,SOL,16/08/2020,Domingo,3.47068758818,3.13868790105,3.18540600494,3.38565277366,10395312.8169568,98990653.6220894
Solana,SOL,17/08/2020,Segunda-feira,3.38599860266,3.08798536904,3.38565277366,3.09860770861,10723918.7652425,90597950.4986745
Solana,SOL,18/08/2020,Terça-feira,3.70991071576,2.89441385094,3.10446912318,3.32997591802,30350144.9435501,103607422.825354
Solana,SOL,19/08/2020,Quarta-feira,3.48386321098,2.83810835571,3.32869596266,2.89904061061,14838388.9157821,91286346.3844131
Solana,SOL,20/08/2020,Quinta-feira,3.43184301093,2.896235885,2.89904061061,3.20826704334,13756478.1507016,101023083.037279
Solana,SOL,21/08/2020,Sexta-feira,3.22328959908,2.91377102658,3.20971758522,2.94366836633,11796735.6331521,92690989.2578399
Solana,SOL,22/08/2020,Sábado,3.19486521065,2.7573269666,2.94530774528,3.02088644284,10296804.8195696,95122114.0144119
Solana,SOL,23/08/2020,Domingo,3.40341502232,3.01883810532,3.02086332122,3.32243106353,11991402.1639282,104616816.094793
Solana,SOL,24/08/2020,Segunda-feira,3.60753946366,3.22443067131,3.31222151588,3.34498605269,15785207.7166973,106162865.723266
Solana,SOL,25/08/2020,Terça-feira,3.35824746517,3.02771940496,3.34966390621,3.26484998089,13444308.062981,103619131.980434
Solana,SOL,26/08/2020,Quarta-feira,3.79532359202,3.19431082142,3.26604124854,3.55837531339,22147431.4936826,113824141.563725
Solana,SOL,27/08/2020,Quinta-feira,3.85470595952,3.29221387961,3.55784428623,3.44506033395,21031356.3229519,111060306.36774
Solana,SOL,28/08/2020,Sexta-feira,4.30959279879,3.44728103835,3.4524946514,4.0113925268,27212887.5047479,130085569.491252
Solana,SOL,29/08/2020,Sábado,4.10524133898,3.78711222485,4.01421628197,3.96880938889,14585964.4266973,128704139.655732
Solana,SOL,30/08/2020,Domingo,4.70500522426,3.91913232587,3.97001094302,4.43582255875,22220238.7965161,143848364.09318
Solana,SOL,31/08/2020,Segunda-feira,4.87294089972,4.10968130689,4.42167882268,4.78204551788,20950150.2193332,155135267.461776
Solana,SOL,01/09/2020,Terça-feira,4.94473085292,4.34451591286,4.78105021385,4.34451591286,16944926.9392703,142029235.639603
Solana,SOL,02/09/2020,Quarta-feira,4.35593945918,3.70516399342,4.35269338969,4.16447184085,23655802.3133022,137185056.897479
Solana,SOL,03/09/2020,Quinta-feira,4.44081444343,3.52733985495,4.16877247977,3.52733985495,26473633.5627635,117631513.488068
Solana,SOL,04/09/2020,Sexta-feira,3.8341037395,3.19889427854,3.52339002786,3.54579448415,17729340.0425555,119132915.465114
Solana,SOL,05/09/2020,Sábado,3.66024449385,2.19167495625,3.55098445512,2.59791636472,25062204.6506355,87285369.2146955
Solana,SOL,06/09/2020,Domingo,3.17563730765,2.2881912589,2.60031677575,3.08604269295,20375889.8797486,103685156.764957
Solana,SOL,07/09/2020,Segunda-feira,3.18956012293,2.39149275595,3.0860842934,2.9285280901,17135013.476324,99856838.0760455
Solana,SOL,08/09/2020,Terça-feira,2.93973633456,2.3986406226,2.92762922888,2.4689767582,10163724.6032389,84805195.3148526
Solana,SOL,09/09/2020,Quarta-feira,3.7517156829,2.38980609128,2.4711781185,3.63637779652,52354542.078401,125895646.215421
Solana,SOL,10/09/2020,Quinta-feira,3.85130856175,3.32080890274,3.63637779652,3.4698368119,31177874.7930509,120996908.90366
Solana,SOL,11/09/2020,Sexta-feira,3.50101275227,3.04017104346,3.46733540035,3.42742826316,17090627.4630998,120434613.072138
Solana,SOL,12/09/2020,Sábado,3.46705217225,3.15072681683,3.41910199191,3.3326599913,10368518.3648969,117103942.771464
Solana,SOL,13/09/2020,Domingo,3.46678153125,3.00540169314,3.33638058136,3.22583906019,15316353.1818696,113349810.373631
Solana,SOL,14/09/2020,Segunda-feira,3.52493434102,3.09417405128,3.23152551803,3.26913320415,21301450.1011828,118987736.46406
Solana,SOL,15/09/2020,Terça-feira,3.32006712451,2.91847262402,3.26913320415,2.93912067127,11992537.7843944,107710516.414547
Solana,SOL,16/09/2020,Quarta-feira,2.93930742973,2.4538387192,2.93930742973,2.54539877265,24199803.5835456,93917562.6875188
Solana,SOL,17/09/2020,Quinta-feira,2.9341024459,2.37003381923,2.54539877265,2.89187378323,23792219.5131179,107424214.43618
Solana,SOL,18/09/2020,Sexta-feira,3.15931656498,2.7416758717,2.89187378323,3.10794006412,23510207.0958752,116227097.944417
Solana,SOL,19/09/2020,Sábado,3.2534204148,2.97170380689,3.11174686384,3.02889117957,10763972.5896187,113270346.303239
Solana,SOL,20/09/2020,Domingo,3.03287674998,2.72013813681,3.03102848284,2.8709033938,9217295.41412604,107361555.128177
Solana,SOL,21/09/2020,Segunda-feira,3.02693974774,2.50041930346,2.8709033938,2.78250941483,19492893.6246122,104757856.3029
Solana,SOL,22/09/2020,Terça-feira,2.9943702542,2.66860271189,2.77368774047,2.915519109,18556523.3857526,110493813.334531
Solana,SOL,23/09/2020,Quarta-feira,3.06533837,2.74630293,2.93035489,2.83675707,16096650.33028028,107545200.18238471
Solana,SOL,24/09/2020,Quinta-feira,3.25156306,2.79564658,2.8381205,3.13271463,18993325.64791849,118764707.79699808
Solana,SOL,25/09/2020,Sexta-feira,3.2651654,2.91177164,3.14554425,3.18861239,15935143.49283597,122206478.07352892
Solana,SOL,26/09/2020,Sábado,3.20390555,3.04126653,3.18803034,3.13470267,11018474.88090908,121440587.25937828
Solana,SOL,27/09/2020,Domingo,3.17349913,3.01055105,3.13383751,3.15294678,9734367.88069845,123455190.65342164
Solana,SOL,28/09/2020,Segunda-feira,3.20419115,2.93595445,3.15270485,2.95667817,10950200.85069037,116996606.06382903
Solana,SOL,29/09/2020,Terça-feira,3.01009535,2.9017903,2.95836068,2.94643322,8821253.14791489,117872307.03014542
Solana,SOL,30/09/2020,Quarta-feira,2.97934849,2.83566951,2.94907405,2.89787636,7767702.10929252,117178459.57132548
Solana,SOL,01/10/2020,Quinta-feira,2.98583389,2.65739801,2.89816187,2.86102773,10825966.25721191,116403066.95333204
Solana,SOL,02/10/2020,Sexta-feira,2.87663497,2.45779116,2.86419729,2.62608296,15856538.99496961,107500110.50109476
Solana,SOL,03/10/2020,Sábado,2.66949457,2.5473028,2.62733511,2.5473028,6155890.57867446,104274635.61227962
Solana,SOL,04/10/2020,Domingo,2.58803611,2.42888892,2.54301234,2.51599459,7075729.47763526,104250459.1504476
Solana,SOL,05/10/2020,Segunda-feira,2.66262353,2.46732033,2.5191348,2.65764391,8105684.0286038,110119117.58235022
Solana,SOL,06/10/2020,Terça-feira,2.65519989,2.14769193,2.65519989,2.17625031,9739070.719841,90716350.09490736
Solana,SOL,07/10/2020,Quarta-feira,2.39193728,2.09576005,2.17580888,2.29179581,11759752.04495923,96678235.2477901
Solana,SOL,08/10/2020,Quinta-feira,2.43061025,2.02852581,2.29998163,2.36522028,14931921.70481354,100368606.7828738
Solana,SOL,09/10/2020,Sexta-feira,2.62526821,2.31709043,2.36774234,2.53985887,12002959.23561284,107778851.91582131
Solana,SOL,10/10/2020,Sábado,2.59409546,2.40317166,2.53693313,2.40608988,8842883.98002147,102101819.79891624
Solana,SOL,11/10/2020,Domingo,2.45756612,2.34492143,2.40736736,2.42657824,7170646.66388414,102970675.76628862
Solana,SOL,12/10/2020,Segunda-feira,2.69863904,2.41586194,2.42611451,2.58707246,12289968.79120837,109780567.40641768
Solana,SOL,13/10/2020,Terça-feira,2.58489141,2.34817094,2.58489141,2.40491019,11415736.61057108,104488549.19119288
Solana,SOL,14/10/2020,Quarta-feira,2.4366138,2.24625651,2.40819629,2.31463525,9436238.75624435,100565804.44055878
Solana,SOL,15/10/2020,Quinta-feira,2.33579578,2.20341796,2.31480004,2.26643616,8332482.58866874,98642537.6274252
Solana,SOL,16/10/2020,Sexta-feira,2.2656708,2.12792144,2.26520031,2.1493861,13637728.05365193,93547686.544544
Solana,SOL,17/10/2020,Sábado,2.23830479,2.13240858,2.14563569,2.20184324,6612611.78386479,95830287.75166796
Solana,SOL,18/10/2020,Domingo,2.24884625,2.17832695,2.20274967,2.21426738,6294162.16574452,96370525.3833067
Solana,SOL,19/10/2020,Segunda-feira,2.21351195,2.05321062,2.21337207,2.05807954,8248860.30237032,89572373.35173108
Solana,SOL,20/10/2020,Terça-feira,2.09786117,1.85415368,2.05810177,1.88867176,13129043.07033953,82671092.68542057
Solana,SOL,21/10/2020,Quarta-feira,2.06620621,1.86123476,1.88861172,1.89037825,19275509.45257168,82745351.05974524
Solana,SOL,22/10/2020,Quinta-feira,2.08243359,1.88981692,1.89037216,1.95565252,11445662.79336236,86579897.07269996
Solana,SOL,23/10/2020,Sexta-feira,1.98477147,1.8533095,1.95706771,1.96003515,11497444.71334744,87263476.2003648
Solana,SOL,24/10/2020,Sábado,1.96165021,1.88234354,1.96003515,1.91182801,7581827.29356544,85116777.84839806
Solana,SOL,25/10/2020,Domingo,1.92294152,1.76864379,1.91182801,1.78745942,9092333.67184322,80026191.61112621
Solana,SOL,26/10/2020,Segunda-feira,1.86298989,1.62936547,1.78745942,1.68546625,13396735.95349503,76302194.43703932
Solana,SOL,27/10/2020,Terça-feira,1.74540288,1.60528662,1.68546624,1.71023239,14384427.42623876,78274491.4004513
Solana,SOL,28/10/2020,Quarta-feira,1.71902702,1.39457221,1.71023239,1.49005343,17089719.31755684,68228554.8641858
Solana,SOL,29/10/2020,Quinta-feira,1.56689179,1.41242636,1.49005346,1.42893639,8024137.80398694,65429707.3741233
Solana,SOL,30/10/2020,Sexta-feira,1.46731855,1.34221311,1.42893639,1.44133589,8528335.71424465,65997124.65947093
Solana,SOL,31/10/2020,Sábado,1.54932692,1.4298941,1.44133589,1.54069959,6449388.39066769,70546511.16326353
Solana,SOL,01/11/2020,Domingo,1.63790251,1.5135429,1.54069959,1.5998403,6877556.68110791,73254104.4517357
Solana,SOL,02/11/2020,Segunda-feira,1.63017961,1.46769542,1.5998403,1.47407225,6366346.26428922,67496510.0918503
Solana,SOL,03/11/2020,Terça-feira,1.48050074,1.41218556,1.47407225,1.41223396,6536977.27806969,64772687.2743289
Solana,SOL,04/11/2020,Quarta-feira,1.41289802,1.28186754,1.41223396,1.39225494,11406316.03373677,63882412.77078965
Solana,SOL,05/11/2020,Quinta-feira,1.48617047,1.30382463,1.39225494,1.40521805,8924131.52401733,64476759.51742544
Solana,SOL,06/11/2020,Sexta-feira,1.94070665,1.4000105,1.40521805,1.91374,22547497.1265051,87809005.86384876
Solana,SOL,07/11/2020,Sábado,2.48136883,1.8448312,1.91374,2.03196386,51426099.67867579,93232781.91859987
Solana,SOL,08/11/2020,Domingo,2.26477908,1.97440202,2.03196386,2.15659813,25931043.04138239,98950578.49222584
Solana,SOL,09/11/2020,Segunda-feira,2.18931332,1.95875292,2.15659813,2.02865216,18210625.97270338,93091959.13931832
Solana,SOL,10/11/2020,Terça-feira,2.30798752,2.01232067,2.02865214,2.247987,16170833.13282796,103163301.09022862
Solana,SOL,11/11/2020,Quarta-feira,2.28414065,1.97416514,2.24798704,2.0021245,13877948.92652378,91879509.07207444
Solana,SOL,12/11/2020,Quinta-feira,2.05029785,1.83172821,2.0021245,1.89913759,11506047.76935046,87162760.83472751
Solana,SOL,13/11/2020,Sexta-feira,2.06111583,1.89913758,1.89913758,2.02079216,11621743.54314562,92772231.89432384
Solana,SOL,14/11/2020,Sábado,2.03349056,1.8752786,2.02079216,1.91701557,8134592.54731619,88007184.07888201
Solana,SOL,15/11/2020,Domingo,2.20905889,1.91684762,1.91701557,2.04323394,18621333.34008639,93803903.71451163
Solana,SOL,16/11/2020,Segunda-feira,2.36021108,1.99485284,2.04323394,2.25535545,22156135.17364347,103541326.05497044
Solana,SOL,17/11/2020,Terça-feira,2.31818626,2.13258981,2.28108028,2.20218147,17074174.95712231,101100127.91945642
Solana,SOL,18/11/2020,Quarta-feira,2.20592249,2.01269296,2.20218147,2.11502872,14629648.08989412,97099240.81477468
Solana,SOL,19/11/2020,Quinta-feira,2.17502241,2.01816579,2.11502868,2.07676865,10155987.37439732,95341921.8742907
Solana,SOL,20/11/2020,Sexta-feira,2.23039141,2.05697179,2.07676865,2.09539164,11113989.73661238,96196099.98011884
Solana,SOL,21/11/2020,Sábado,2.49882755,2.04852394,2.09539164,2.38220531,20288343.21897211,109362384.71981557
Solana,SOL,22/11/2020,Domingo,2.40382123,2.05393793,2.38220531,2.14484477,16416064.59893532,98697801.14056186
Solana,SOL,23/11/2020,Segunda-feira,2.3515985,2.12031471,2.14484476,2.27637688,15487339.47782299,104749492.89621204
Solana,SOL,24/11/2020,Terça-feira,2.46638443,2.14379452,2.27724054,2.26796698,25036626.13313538,104362814.6368328
Solana,SOL,25/11/2020,Quarta-feira,2.47758651,2.18277698,2.26948514,2.27003407,24870950.92877138,104457114.39952429
Solana,SOL,26/11/2020,Quinta-feira,2.29170177,1.74149279,2.26653371,1.90303693,33038222.89347182,87568856.71760666
Solana,SOL,27/11/2020,Sexta-feira,1.97065316,1.78036344,1.90333468,1.85794881,13307808.36500391,85493469.70235132
Solana,SOL,28/11/2020,Sábado,1.93971542,1.81071037,1.85982503,1.88893452,11661882.95615155,86918647.19802547
Solana,SOL,29/11/2020,Domingo,1.94388507,1.85722661,1.8879127,1.9151547,6139511.34519798,88124520.17567424
Solana,SOL,30/11/2020,Segunda-feira,2.01359128,1.91193024,1.91514202,1.96689116,8716571.16727617,90995987.14086118
Solana,SOL,01/12/2020,Terça-feira,2.13034079,1.93226448,1.96832128,1.97630826,12847022.37823892,91432079.46291864
Solana,SOL,02/12/2020,Quarta-feira,2.18743712,1.95669982,1.97726604,2.11540134,15849828.20530223,97869064.60978007
Solana,SOL,03/12/2020,Quinta-feira,2.22130954,2.08502961,2.11711685,2.10037052,18106121.72298748,97172886.1917887
Solana,SOL,04/12/2020,Sexta-feira,2.1120709,1.84734502,2.09860247,1.85595318,9019864.15038828,85864512.07327235
Solana,SOL,05/12/2020,Sábado,1.98072151,1.82549378,1.85596843,1.9787738,7750781.04480337,91545972.56905606
Solana,SOL,06/12/2020,Domingo,1.98389847,1.81585445,1.97865844,1.85424895,7167229.51269223,85784205.38624497
Solana,SOL,07/12/2020,Segunda-feira,1.89568762,1.80948486,1.8534511,1.83117262,6425070.48803734,84715589.08777982
Solana,SOL,08/12/2020,Terça-feira,1.83158113,1.64510584,1.83122209,1.66535169,11304051.0777088,77043677.15978801
Solana,SOL,09/12/2020,Quarta-feira,1.67427719,1.50367604,1.66462243,1.6623035,10461119.21820986,76902163.1339451
Solana,SOL,10/12/2020,Quinta-feira,1.66513513,1.54524047,1.66241416,1.57415052,6167983.16893835,72823506.21677381
Solana,SOL,11/12/2020,Sexta-feira,1.57670934,1.44060217,1.57236639,1.44458505,8273918.34951755,66829092.5972278
Solana,SOL,12/12/2020,Sábado,1.53742939,1.44070645,1.44158958,1.4909121,7085230.83583667,68971785.3475111
Solana,SOL,13/12/2020,Domingo,1.64291571,1.45811848,1.4907147,1.56545586,8389349.11124252,72419789.50182986
Solana,SOL,14/12/2020,Segunda-feira,1.62286872,1.52369835,1.56796842,1.5916455,8672051.95648215,74028444.08998717
Solana,SOL,15/12/2020,Terça-feira,1.79941298,1.58926257,1.59103004,1.76067126,19470079.53119814,81994577.6015241
Solana,SOL,16/12/2020,Quarta-feira,1.78758439,1.61001834,1.76009215,1.78359783,18277631.04446976,83062058.57573813
Solana,SOL,17/12/2020,Quinta-feira,1.80312043,1.65521696,1.78389234,1.67863414,15461476.78402026,78173905.05369893
Solana,SOL,18/12/2020,Sexta-feira,1.70632716,1.63698718,1.67902372,1.69879993,7879396.90612472,79113024.8625208
Solana,SOL,19/12/2020,Sábado,1.76425374,1.66426344,1.69926697,1.66865052,9095045.00474692,77708968.04744972
Solana,SOL,20/12/2020,Domingo,1.68443034,1.52771357,1.67071446,1.56357617,9093229.49751807,72815661.41874595
Solana,SOL,21/12/2020,Segunda-feira,1.61832646,1.49515066,1.56377465,1.5419152,8333991.44150289,71806910.82416688
Solana,SOL,22/12/2020,Terça-feira,1.57408037,1.47448471,1.53960926,1.49028596,11066564.74357854,69402539.96365425
Solana,SOL,23/12/2020,Quarta-feira,1.51058483,1.09016138,1.49022047,1.20569231,16776307.03794223,56149028.28607881
Solana,SOL,24/12/2020,Quinta-feira,1.38366788,1.17300697,1.20770464,1.3624084,9236938.50803516,63447288.3597502
Solana,SOL,25/12/2020,Sexta-feira,1.45292425,1.34723574,1.36149641,1.44540315,9359548.53228497,67312349.7325568
Solana,SOL,26/12/2020,Sábado,1.44751724,1.31342435,1.44601353,1.3242381,6798656.31848622,61669699.53591306
Solana,SOL,27/12/2020,Domingo,1.40874461,1.26825036,1.32507424,1.30304194,12286531.39847335,60682595.60513945
Solana,SOL,28/12/2020,Segunda-feira,1.51703752,1.29434876,1.30399327,1.5156849,12668149.81727901,70585367.3110688
Solana,SOL,29/12/2020,Terça-feira,1.72758155,1.43971994,1.51546171,1.67434488,26355258.83179235,77974154.25075531
Solana,SOL,30/12/2020,Quarta-feira,1.68079114,1.52983347,1.66969419,1.53545722,12663615.73809283,71506163.4013444
Solana,SOL,31/12/2020,Quinta-feira,1.5506101,1.430263,1.53560627,1.51089796,12763259.56854011,70362439.69813043
Solana,SOL,01/01/2021,Sexta-feira,1.8596563,1.50203819,1.50977505,1.84208404,25722549.3360078,85785758.3765321
Solana,SOL,02/01/2021,Sábado,1.98929513,1.72148226,1.84558571,1.79927479,31671063.53777906,83792133.53884292
Solana,SOL,03/01/2021,Domingo,2.36498131,1.79990169,1.79990169,2.16175192,55073422.17629275,100672674.81180388
Solana,SOL,04/01/2021,Segunda-feira,2.48509738,1.87634191,2.16241208,2.48509738,59955404.84149402,115730856.18599205
Solana,SOL,05/01/2021,Terça-feira,2.5026164,2.07774168,2.49098205,2.15721704,50555207.03513643,100461485.67073816
Solana,SOL,06/01/2021,Quarta-feira,2.18589242,1.90758532,2.15962593,1.92921661,50263975.12932488,89843517.7485024
Solana,SOL,07/01/2021,Quinta-feira,2.61183107,1.93304323,1.93658582,2.37274497,159870278.0790676,621424746.010265
Solana,SOL,08/01/2021,Sexta-feira,3.77931969,2.18092864,2.36873958,3.21988746,206412154.2447589,843292264.8894571
Solana,SOL,09/01/2021,Sábado,3.66278779,2.93830706,3.22354051,3.38538175,91906875.463772,886634795.6661285
Solana,SOL,10/01/2021,Domingo,3.73355136,3.19623456,3.39002648,3.46611077,62766977.35528041,907777180.2929409
Solana,SOL,11/01/2021,Segunda-feira,3.5135707,2.59712418,3.46106454,3.10808978,82877500.0255444,814011024.9712354
Solana,SOL,12/01/2021,Terça-feira,3.84441586,3.08003501,3.10368771,3.61339822,73484689.24275579,946351027.8924448
Solana,SOL,13/01/2021,Quarta-feira,3.62882465,3.2749211,3.62838265,3.51378151,57994892.73472413,920261107.1923414
Solana,SOL,14/01/2021,Quinta-feira,3.54286624,3.18197394,3.51603553,3.27816427,59283112.21846475,858551672.4562432
Solana,SOL,15/01/2021,Sexta-feira,3.4359218,2.9851908,3.28039932,3.25016139,45331738.74819012,851217713.3260541
Solana,SOL,16/01/2021,Sábado,3.70323219,3.24893408,3.24893408,3.44705468,68035606.39281899,902784093.585214
Solana,SOL,17/01/2021,Domingo,3.96537224,3.31974552,3.43486962,3.8181391,85407766.18917261,999971153.1283689
Solana,SOL,18/01/2021,Segunda-feira,4.14791988,3.65576095,3.82213112,3.79551495,70601712.76708774,994045884.346998
Solana,SOL,19/01/2021,Terça-feira,4.03144938,3.60902285,3.79204335,3.64186566,44547767.96672326,953805116.1144048
Solana,SOL,20/01/2021,Quarta-feira,3.73700272,3.34408399,3.63557521,3.72357809,46698656.44529995,975205611.5935848
Solana,SOL,21/01/2021,Quinta-feira,3.73432626,2.98269599,3.72166979,2.9905359,43834764.53989141,783221762.9250783
Solana,SOL,22/01/2021,Sexta-feira,3.49714626,2.5409861,2.98991993,3.34622852,63361382.17557853,876377707.1253955
Solana,SOL,23/01/2021,Sábado,3.59730162,3.31576248,3.34103533,3.50411155,27904470.4262182,917727296.3438644
Solana,SOL,24/01/2021,Domingo,3.79304897,3.48949442,3.50710975,3.63441116,32747555.29721828,951852779.9072752
Solana,SOL,25/01/2021,Segunda-feira,3.97435677,3.45130995,3.63464538,3.69998081,80055958.4917865,969025482.0935647
Solana,SOL,26/01/2021,Terça-feira,4.09691637,3.68263202,3.69895927,4.04734996,78823455.81544667,1060001508.1579952
Solana,SOL,27/01/2021,Quarta-feira,4.04863024,3.53160203,4.04863024,3.69058715,35195110.46414343,966565279.876813
Solana,SOL,28/01/2021,Quinta-feira,3.9434911,3.60988056,3.68637,3.82207194,31410526.72,1001001163.69
Solana,SOL,29/01/2021,Sexta-feira,3.89260163,3.63938585,3.86158092,3.83467598,44053151.39,1004302164.53
Solana,SOL,30/01/2021,Sábado,4.31197598,3.77410389,3.83768176,4.22427558,53378197.61,1106338354.04
Solana,SOL,31/01/2021,Domingo,4.78701008,4.17049821,4.23731385,4.26414404,78376266.82,1116779908.67
Solana,SOL,01/02/2021,Segunda-feira,4.61160184,4.11825506,4.26125135,4.61160184,39361628.64,1207779152.91
Solana,SOL,02/02/2021,Terça-feira,5.40364154,4.48011942,4.6137412,5.2675076,98755961.8,1379560961.34
Solana,SOL,03/02/2021,Quarta-feira,5.78078094,5.07273844,5.24659151,5.71598986,49386326.92,1497018527.39
Solana,SOL,04/02/2021,Quinta-feira,6.53101104,5.60323641,5.7317481,6.42606479,108249481.51,1682987249.18
Solana,SOL,05/02/2021,Sexta-feira,7.12711657,6.42644747,6.43536976,6.6817203,92892157.08,1749943462.85
Solana,SOL,06/02/2021,Sábado,6.79913067,5.71382828,6.68730089,6.11080668,102365493.54,1600421106.69
Solana,SOL,07/02/2021,Domingo,6.87151352,5.76859219,6.11764462,6.70046276,105451102.52,1754852114.11
Solana,SOL,08/02/2021,Segunda-feira,8.05593329,6.4889284,6.70244728,7.8832496,155254260.78,2064624150.36
Solana,SOL,09/02/2021,Terça-feira,8.46778443,7.57021459,7.8697953,7.81679279,121037872.69,2047219103.37
Solana,SOL,10/02/2021,Quarta-feira,9.07260413,7.61384712,7.8185524,9.07221406,120679901.64,2376014106.0
Solana,SOL,11/02/2021,Quinta-feira,9.70700402,8.76131606,9.08035651,9.21535212,53600047.53,2413501984.01
Solana,SOL,12/02/2021,Sexta-feira,9.92445233,9.07901215,9.21479001,9.24701198,91484663.66,2421793705.08
Solana,SOL,13/02/2021,Sábado,9.49903879,8.68300856,9.23603303,8.73245491,91417967.69,2287031137.29
Solana,SOL,14/02/2021,Domingo,9.2203002,8.5597149,8.74298943,8.73889575,93500422.71,2288717994.71
Solana,SOL,15/02/2021,Segunda-feira,9.31063831,7.84047064,8.72426582,8.8617388,109854634.59,2320890605.34
Solana,SOL,16/02/2021,Terça-feira,8.98036803,7.98355724,8.86074792,8.29786719,71625204.52,2173212553.93
Solana,SOL,17/02/2021,Quarta-feira,8.43329825,7.54439928,8.29868913,8.22257719,89948577.67,2153494092.55
Solana,SOL,18/02/2021,Quinta-feira,9.27917537,8.23287085,8.23287085,8.98045215,77306770.4,2351981649.26
Solana,SOL,19/02/2021,Sexta-feira,11.68057695,8.5569807,8.97997007,11.46565287,261175710.73,3002856056.82
Solana,SOL,20/02/2021,Sábado,11.78673714,9.81585439,11.47808705,10.00266398,140264809.98,2619699067.57
Solana,SOL,21/02/2021,Domingo,11.64028854,9.88704665,9.98755024,11.08551283,137742366.13,2903297329.61
Solana,SOL,22/02/2021,Segunda-feira,14.5456406,9.25590402,11.07303597,14.45478487,574136240.77,3785710139.32
Solana,SOL,23/02/2021,Terça-feira,15.74337116,11.59989436,14.42162567,15.20153822,485252846.29,3981284942.91
Solana,SOL,24/02/2021,Quarta-feira,18.14662172,14.86179947,15.2138421,17.30270709,375439706.61,4531581356.7
Solana,SOL,25/02/2021,Quinta-feira,17.69544462,13.79591349,17.23018337,13.81601413,364505275.74,3618415994.75
Solana,SOL,26/02/2021,Sexta-feira,15.48370533,13.12014142,13.86589069,13.58794089,289687328.45,3558683580.88
Solana,SOL,27/02/2021,Sábado,14.6120646,13.0572728,13.60157446,13.20116764,247640939.78,3457387613.23
Solana,SOL,28/02/2021,Domingo,13.77901631,11.48998276,13.20776666,13.08924694,300493226.01,3428075566.66
Solana,SOL,01/03/2021,Segunda-feira,15.51605721,13.05738542,13.10843535,14.95558764,306451693.03,3916870452.47
Solana,SOL,02/03/2021,Terça-feira,15.22412493,13.46074941,14.96684488,13.95892139,178549851.5,3655843423.75
Solana,SOL,03/03/2021,Quarta-feira,14.72935857,13.76704854,13.96353988,14.11559058,153830742.14,3696875106.78
Solana,SOL,04/03/2021,Quinta-feira,14.26036093,12.77126993,14.09486709,13.09798332,116364465.82,3430363626.99
Solana,SOL,05/03/2021,Sexta-feira,13.07986249,12.18460827,13.06630579,12.61044281,90978408.01,3302676699.19
Solana,SOL,06/03/2021,Sábado,13.27048096,11.90122772,12.56993741,13.03645795,118851546.1,3414250123.37
Solana,SOL,07/03/2021,Domingo,13.99690288,12.72638542,13.04392705,13.87773227,117548176.21,3634579982.53
Solana,SOL,08/03/2021,Segunda-feira,13.87082582,13.08228903,13.8268153,13.60218776,115525658.69,3562414837.47
Solana,SOL,09/03/2021,Terça-feira,14.98644427,13.32018701,13.61529099,14.84631098,134867043.68,3948141942.62
Solana,SOL,10/03/2021,Quarta-feira,15.18793776,14.07906427,14.85092886,14.23108356,103150900.84,3792593486.06
Solana,SOL,11/03/2021,Quinta-feira,16.23939925,13.70422614,14.21983747,15.99227934,229272515.6,4270242447.66
Solana,SOL,12/03/2021,Sexta-feira,16.48579592,14.11122934,16.02091887,14.552142,185287456.96,3887447694.38
Solana,SOL,13/03/2021,Sábado,15.39439844,13.92005572,14.56380277,15.30880274,145102757.4,4089578510.15
Solana,SOL,14/03/2021,Domingo,15.34983211,14.37876449,15.30158118,14.50826599,90232803.5,3875721099.27
Solana,SOL,15/03/2021,Segunda-feira,14.79047269,13.69805655,14.47712718,14.18666194,102600691.55,3791467510.82
Solana,SOL,16/03/2021,Terça-feira,14.28289603,13.229815,14.16391157,13.62277289,112303590.08,3640763691.35
Solana,SOL,17/03/2021,Quarta-feira,14.26679703,13.13052874,13.634964,14.22020281,94696338.79,3799767226.99
Solana,SOL,18/03/2021,Quinta-feira,14.74547686,13.82728428,14.21067697,14.23002516,79074262.62,3804064053.67
Solana,SOL,19/03/2021,Sexta-feira,14.48821877,13.93245789,14.23265017,14.20479642,68715211.03,3797317088.79
Solana,SOL,20/03/2021,Sábado,14.97821822,14.15204483,14.19582599,14.21198148,68049682.97,3801139605.26
Solana,SOL,21/03/2021,Domingo,14.36572264,13.66825372,14.21832785,14.33220593,64229338.03,3833292242.99
Solana,SOL,22/03/2021,Segunda-feira,16.59987282,14.20288587,14.35027814,14.91929305,260995136.25,3990311752.96
Solana,SOL,23/03/2021,Terça-feira,15.2437087,14.09705679,14.84861937,14.20483076,106780661.98,3801136715.71
Solana,SOL,24/03/2021,Quarta-feira,15.37143084,13.66129764,14.19039605,13.66129764,118813690.26,3649871266.4
Solana,SOL,25/03/2021,Quinta-feira,13.70525009,12.61472537,13.65058628,13.02508469,116277942.87,3479892566.63
Solana,SOL,26/03/2021,Sexta-feira,14.80429436,12.37045803,13.01952768,14.77942113,149987319.22,3950586428.46
Solana,SOL,27/03/2021,Sábado,16.80416436,14.75804617,14.78624602,16.50832188,223872586.73,4425303443.32
Solana,SOL,28/03/2021,Domingo,19.38600611,16.34500899,16.47942327,18.01623371,426120062.11,4829519370.48
Solana,SOL,29/03/2021,Segunda-feira,18.98784228,17.70036375,18.08330268,18.85480803,216748600.52,5056832100.48
Solana,SOL,30/03/2021,Terça-feira,20.86947517,18.89140274,18.89140274,19.2339251,264028426.63,5158507265.85
Solana,SOL,31/03/2021,Quarta-feira,19.79580246,18.15625631,19.10168383,19.46522941,206011017.73,5220539301.49
Solana,SOL,01/04/2021,Quinta-feira,20.3615394,18.84424514,19.41568124,19.08490113,173731885.57,5121089267.43
Solana,SOL,02/04/2021,Sexta-feira,19.82457274,18.568419,19.08463141,19.81022269,131061659.84,5312121531.63
Solana,SOL,03/04/2021,Sábado,23.827189,19.78944967,19.79645158,22.55227712,483057739.57,6047400068.45
Solana,SOL,04/04/2021,Domingo,25.56953325,22.21296864,22.52737075,24.06132316,426557980.35,6455269614.1
Solana,SOL,05/04/2021,Segunda-feira,24.7776371,22.80645173,23.92883933,22.98428282,264085329.41,6166314086.86
Solana,SOL,06/04/2021,Terça-feira,25.34652466,21.87661417,22.97784134,24.95714641,320886934.82,6695596353.77
Solana,SOL,07/04/2021,Quarta-feira,27.48761542,23.08935918,25.14556002,26.47807994,676846221.32,7107155850.83
Solana,SOL,08/04/2021,Quinta-feira,27.97001131,25.72493627,26.51459375,27.03398715,377988327.49,7256370566.76
Solana,SOL,09/04/2021,Sexta-feira,29.01473425,26.90382587,26.98580398,27.77827443,282477938.07,7456149619.5
Solana,SOL,10/04/2021,Sábado,28.25796994,25.96322662,27.64971179,26.84140371,270235257.75,7247692203.54
Solana,SOL,11/04/2021,Domingo,28.68722768,25.57831877,26.80805019,27.9318899,232938762.18,7542139623.2
Solana,SOL,12/04/2021,Segunda-feira,29.86230248,26.84274156,27.91836766,28.51212449,308804545.9,7698811332.92
Solana,SOL,13/04/2021,Terça-feira,28.79794156,26.41760298,28.54101244,27.43555345,258183912.26,7408116848.38
Solana,SOL,14/04/2021,Quarta-feira,27.48269178,24.79202053,27.4000051,26.47511075,342565805.3,7148779204.5
Solana,SOL,15/04/2021,Quinta-feira,28.24940016,25.53941458,26.43684327,27.81831384,221346738.91,7511469370.13
Solana,SOL,16/04/2021,Sexta-feira,28.22687963,24.97291816,27.82032255,25.39736605,240665351.49,6857767811.72
Solana,SOL,17/04/2021,Sábado,26.81976653,25.09987446,25.36920612,25.09987446,201720375.63,6777439470.22
Solana,SOL,18/04/2021,Domingo,32.90256908,21.5392092,25.13550181,32.30291905,1155150688.03,8722397354.82
Solana,SOL,19/04/2021,Segunda-feira,36.08025911,29.92590848,32.33952237,31.67589453,1219130981.38,8553088910.08
Solana,SOL,20/04/2021,Terça-feira,32.69721814,28.93257221,31.4762886,31.77005352,793008154.45,8578513611.25
Solana,SOL,21/04/2021,Quarta-feira,35.00430246,30.1674914,31.68153748,32.5130438,729130140.56,8779134999.57
Solana,SOL,22/04/2021,Quinta-feira,40.97186247,31.60069045,32.68343072,38.87975927,1638622970.85,10498268248.37
Solana,SOL,23/04/2021,Sexta-feira,41.46325941,31.66427002,38.89918232,36.97842065,1612232268.31,9984870962.27
Solana,SOL,24/04/2021,Sábado,43.53222132,34.68329376,37.25749642,40.73731561,1101380795.06,10993246510.76
Solana,SOL,25/04/2021,Domingo,48.43426663,40.51201668,40.84547073,47.3676269,1583800799.69,12782467830.77
Solana,SOL,26/04/2021,Segunda-feira,48.31078375,43.37172735,47.54185509,43.97651543,1357487872.14,11867353941.86
Solana,SOL,27/04/2021,Terça-feira,46.54860972,42.55732682,43.89356993,43.2390029,904891996.11,11674627043.11
Solana,SOL,28/04/2021,Quarta-feira,46.91656515,40.67207182,43.16144021,44.82598502,1021154320.38,12103108334.92
Solana,SOL,29/04/2021,Quinta-feira,46.07149061,40.95098379,44.84995016,42.46054046,772259306.98,11470583798.14
Solana,SOL,30/04/2021,Sexta-feira,44.27015223,41.24350335,42.5000457,42.95600088,534976437.19,11604419645.43
Solana,SOL,01/05/2021,Sábado,49.84457903,42.03086492,42.8933369,49.50802136,859524422.56,13490574630.96
Solana,SOL,02/05/2021,Domingo,49.89667224,45.98182211,49.50080424,46.89098709,571072187.45,12784244033.41
Solana,SOL,03/05/2021,Segunda-feira,49.00945447,45.04447696,46.90397832,45.93368941,609194251.88,12523242921.18
Solana,SOL,04/05/2021,Terça-feira,47.75715794,42.31310399,45.9833604,42.7295562,682976428.41,11649676283.04
Solana,SOL,05/05/2021,Quarta-feira,45.9277921,42.31573602,42.63723596,44.92357516,503781974.7,12247847970.24
Solana,SOL,06/05/2021,Quinta-feira,44.97405216,42.59158516,44.97405216,43.45567555,391497017.92,11847643595.56
Solana,SOL,07/05/2021,Sexta-feira,46.05956397,41.43837305,43.50265476,43.15501855,514344600.94,11765673243.42
Solana,SOL,08/05/2021,Sábado,46.63902655,42.29801778,43.15206692,45.56153042,451056654.56,12421778450.87
Solana,SOL,09/05/2021,Domingo,47.1212139,43.29694489,45.61763117,44.33019564,510603311.56,12086070502.0
Solana,SOL,10/05/2021,Segunda-feira,45.87750147,39.55884763,44.34209297,42.9096342,499528075.74,11698772287.18
Solana,SOL,11/05/2021,Terça-feira,45.15120191,39.76296959,42.87227262,44.57746773,473731332.64,12153486129.98
Solana,SOL,12/05/2021,Quarta-feira,48.97903539,42.45731054,44.59152554,42.45731054,1151668075.96,11575451927.3
Solana,SOL,13/05/2021,Quinta-feira,45.41709923,37.52689336,43.23508348,40.99785093,1016860656.29,11177548615.05
Solana,SOL,14/05/2021,Sexta-feira,44.79143686,39.9860526,41.03451854,42.71786492,504167711.24,11646488803.58
Solana,SOL,15/05/2021,Sábado,45.39178963,39.3746057,42.69994585,43.46130814,500445721.9,11849179250.7
Solana,SOL,16/05/2021,Domingo,52.50135077,41.91549761,43.40169344,47.20082674,1990976771.49,12868711981.4
Solana,SOL,17/05/2021,Segunda-feira,51.87603133,43.30291605,46.89802269,46.86320579,1951921365.76,12776663874.1
Solana,SOL,18/05/2021,Terça-feira,58.30292665,46.18755746,46.66041775,55.91096029,2025388218.69,15243420387.39
Solana,SOL,19/05/2021,Quarta-feira,57.52577199,29.42985979,56.08925681,35.10718335,2772224998.89,9571532158.07
Solana,SOL,20/05/2021,Quinta-feira,51.25844794,32.31814122,35.04304516,44.74274669,2487748626.09,12198547360.64
Solana,SOL,21/05/2021,Sexta-feira,47.64559102,33.83739606,44.44725253,38.81285182,1769762028.27,10581836075.92
Solana,SOL,22/05/2021,Sábado,40.00957894,31.2548617,38.98837859,31.31558234,1078751750.8,8537799811.16
Solana,SOL,23/05/2021,Domingo,32.43626905,19.13983901,31.22576685,24.6887481,1925832341.42,6731076772.71
Solana,SOL,24/05/2021,Segunda-feira,32.09444973,24.49832001,24.49832001,31.28357082,1346786022.77,8529072274.79
Solana,SOL,25/05/2021,Terça-feira,33.13012834,26.10007356,31.39634748,29.99707775,909470304.61,8178326112.58
Solana,SOL,26/05/2021,Quarta-feira,37.23763519,29.00855511,30.04799113,35.53981588,1069991364.89,9689483978.48
Solana,SOL,27/05/2021,Quinta-feira,35.52704866,31.12712917,35.48244751,33.58459127,649389057.89,9156416571.33
Solana,SOL,28/05/2021,Sexta-feira,34.50250599,28.06714391,33.67552514,29.0392767,600255581.78,7917193696.93
Solana,SOL,29/05/2021,Sábado,30.02233806,25.75094018,29.00313033,27.37642132,376859866.34,7463837084.79
Solana,SOL,30/05/2021,Domingo,29.74925499,25.65029323,27.40831498,28.60265892,359661703.65,7798155350.85
Solana,SOL,31/05/2021,Segunda-feira,32.9835909,27.52474505,28.60424137,32.81624582,534826504.42,8946936842.81
Solana,SOL,01/06/2021,Terça-feira,33.28991653,29.88017323,32.7708869,30.9852604,432053117.17,8447741686.96
Solana,SOL,02/06/2021,Quarta-feira,35.03815395,30.43285658,30.93523785,33.95631637,497567417.82,9257762745.02
Solana,SOL,03/06/2021,Quinta-feira,41.14537983,33.79223169,34.01871593,39.47090699,960056106.14,10761246544.92
Solana,SOL,04/06/2021,Sexta-feira,39.60986377,34.31090061,39.58130434,37.41507138,1056279506.22,10200748812.85
Solana,SOL,05/06/2021,Sábado,42.82267205,37.09911074,37.41737934,39.58540119,1112426663.75,10792461951.31
Solana,SOL,06/06/2021,Domingo,43.37719402,38.96399696,39.74912492,42.30837824,794387364.26,11534847407.96
Solana,SOL,07/06/2021,Segunda-feira,44.10055822,38.0908398,42.25367912,38.2623335,923157613.83,10431744177.47
Solana,SOL,08/06/2021,Terça-feira,42.47828958,33.6854604,38.25126869,41.51781354,1786996802.01,11319309882.19
Solana,SOL,09/06/2021,Quarta-feira,43.9975669,39.36863503,41.27979305,42.03177788,1218831040.77,11459435796.76
Solana,SOL,10/06/2021,Quinta-feira,43.00490804,39.59678412,42.02403536,41.09867281,595246689.49,11205036430.93
Solana,SOL,11/06/2021,Sexta-feira,41.31248445,35.31117152,41.11015538,36.0460873,518666602.77,9827512516.02
Solana,SOL,12/06/2021,Sábado,37.61422297,34.31815742,36.1643526,36.44168945,549070417.12,9935368468.58
Solana,SOL,13/06/2021,Domingo,39.35997513,34.78298953,36.51470765,38.77043536,452988674.4,10570271763.77
Solana,SOL,14/06/2021,Segunda-feira,40.47652225,36.81413418,38.70452013,38.71305293,477871462.95,10554627165.2
Solana,SOL,15/06/2021,Terça-feira,41.75867325,39.43581269,40.53583999,41.15364704,605285143.4,11220024464.76
Solana,SOL,16/06/2021,Quarta-feira,41.49630734,37.50349898,39.54534903,39.70361677,576016901.76,10824691940.44
Solana,SOL,17/06/2021,Quinta-feira,41.23743184,38.28608315,39.68927099,39.26459349,417775599.91,10704997763.63
Solana,SOL,18/06/2021,Sexta-feira,39.4271292,35.00401695,39.26678549,36.64879726,424163368.82,9991833808.98
Solana,SOL,19/06/2021,Sábado,37.35458704,34.98160715,36.81910554,35.35343464,264640750.32,9638669476.32
Solana,SOL,20/06/2021,Domingo,35.92838763,31.36209393,35.23702572,35.32201165,452587531.23,9630102393.55
Solana,SOL,21/06/2021,Segunda-feira,35.49761474,25.94907889,35.26143549,26.65740024,760344541.01,7267805027.63
Solana,SOL,22/06/2021,Terça-feira,28.71296813,20.38044415,26.59283132,26.77185571,1258580061.1,7299009872.97
Solana,SOL,23/06/2021,Quarta-feira,32.77296182,25.69648454,26.91294172,30.04888728,1111302686.63,8192451330.05
Solana,SOL,24/06/2021,Quinta-feira,32.9913104,28.54838485,30.84607842,31.18103477,641150364.16,8501117109.74
Solana,SOL,25/06/2021,Sexta-feira,32.90251437,28.03508047,31.16853053,28.69886234,632052177.4,7824384002.14
Solana,SOL,26/06/2021,Sábado,30.00703599,26.71081442,28.60789755,29.7128554,560342710.32,8100836462.86
Solana,SOL,27/06/2021,Domingo,31.92939059,29.27119729,29.75264012,31.92939059,497353287.91,8705146914.45
Solana,SOL,28/06/2021,Segunda-feira,34.243226,31.03512722,31.88082998,32.92778164,473612134.61,8977345683.28
Solana,SOL,29/06/2021,Terça-feira,35.78857772,32.72668303,33.00978597,33.86680149,471854279.1,9233357637.53
Solana,SOL,30/06/2021,Quarta-feira,35.95472226,31.60135067,33.96297243,35.55640607,570984167.9,9694007086.14
Solana,SOL,01/07/2021,Quinta-feira,35.53819144,32.38627423,35.50565339,33.40403357,474665320.76,9107189782.04
Solana,SOL,02/07/2021,Sexta-feira,34.03178588,31.47992402,33.30630993,34.02048201,440298779.57,9275256700.08
Solana,SOL,03/07/2021,Sábado,35.40477019,33.29847492,34.01557504,34.47881569,327019963.78,9400215615.43
Solana,SOL,04/07/2021,Domingo,35.50237168,33.55573709,34.49511721,34.31060133,303420519.91,9354354086.58
Solana,SOL,05/07/2021,Segunda-feira,34.46182386,32.48269155,34.28255049,32.98458751,313839322.49,8992833088.02
Solana,SOL,06/07/2021,Terça-feira,34.97831874,32.93030657,32.93030657,34.26913971,365336040.07,9343050096.63
